{
  "mae": 1.1630187034606934,
  "rmse": 3.7544126510620117,
  "r2": 0.9976183176040649,
  "spearman": 0.9987537735762936
}