{
  "overall": {
    "mae": 1.1630187034606934,
    "rmse": 3.7544126510620117,
    "r2": 0.9976183176040649,
    "spearman": 0.9987537735762936
  },
  "by_citation_range": {
    "0-5": {
      "count": 3209,
      "mae": 0.2656421192563854,
      "rmse": 0.3670756995123739
    },
    "6-10": {
      "count": 1866,
      "mae": 0.33263433605656106,
      "rmse": 0.43191334898827527
    },
    "11-20": {
      "count": 1718,
      "mae": 0.4422079430192674,
      "rmse": 0.5727739300594826
    },
    "21-50": {
      "count": 1647,
      "mae": 0.5694359418617716,
      "rmse": 0.7846087222754742
    },
    "51-100": {
      "count": 635,
      "mae": 2.1314409165870485,
      "rmse": 2.9800287224372437
    },
    "101-500": {
      "count": 599,
      "mae": 11.230155814271141,
      "rmse": 14.63887872376831
    }
  },
  "by_field": {
    "physics.acc-ph": {
      "count": 1,
      "mae": 0.404227614402771,
      "rmse": 0.4751373475843813
    },
    "cs.CL": {
      "count": 1370,
      "mae": 1.4400094837167838,
      "rmse": 4.397959911222141
    },
    "cond-mat.soft": {
      "count": 19,
      "mae": 0.4649842271679326,
      "rmse": 0.5711757293717125
    },
    "econ.TH": {
      "count": 4,
      "mae": 0.30465149879455566,
      "rmse": 0.3639167624156063
    },
    "cs.CE": {
      "count": 16,
      "mae": 1.3534417813643813,
      "rmse": 3.254802431302419
    },
    "q-fin.ST": {
      "count": 125,
      "mae": 0.898120145201683,
      "rmse": 3.3845088642708636
    },
    "nlin.AO": {
      "count": 8,
      "mae": 0.49628695473074913,
      "rmse": 0.6004725053025785
    },
    "stat.CO": {
      "count": 28,
      "mae": 0.7759568329368319,
      "rmse": 2.091024577201308
    },
    "q-fin.GN": {
      "count": 3,
      "mae": 0.4750035007794698,
      "rmse": 0.5696977606478542
    },
    "cs.NI": {
      "count": 14,
      "mae": 0.6767777374812535,
      "rmse": 1.172459045475559
    },
    "cond-mat.mtrl-sci": {
      "count": 48,
      "mae": 1.2610009849692385,
      "rmse": 4.658672188445193
    },
    "math.FA": {
      "count": 3,
      "mae": 0.38724703590075177,
      "rmse": 0.475562194601781
    },
    "cs.AI": {
      "count": 347,
      "mae": 0.909983824670143,
      "rmse": 3.1079044212070355
    },
    "physics.comp-ph": {
      "count": 125,
      "mae": 0.8190246866941452,
      "rmse": 2.1410251027459055
    },
    "cs.CC": {
      "count": 2,
      "mae": 0.4071686863899231,
      "rmse": 0.45090308111662114
    },
    "physics.data-an": {
      "count": 128,
      "mae": 0.8836223139660433,
      "rmse": 3.314058905889389
    },
    "cs.CY": {
      "count": 76,
      "mae": 0.558416663031829,
      "rmse": 1.4284545391327221
    },
    "math.AG": {
      "count": 5,
      "mae": 0.6778088748455048,
      "rmse": 0.8231467870816286
    },
    "q-bio.PE": {
      "count": 37,
      "mae": 1.0499102867938377,
      "rmse": 1.1996818796282744
    },
    "eess.AS": {
      "count": 53,
      "mae": 1.250897597591832,
      "rmse": 3.699470918349419
    },
    "stat.AP": {
      "count": 33,
      "mae": 0.7244954343998071,
      "rmse": 1.859531417413455
    },
    "cs.CV": {
      "count": 1197,
      "mae": 2.132281009913885,
      "rmse": 5.8253798911970245
    },
    "cs.IR": {
      "count": 67,
      "mae": 0.6773182438380683,
      "rmse": 0.8515164953445625
    },
    "q-bio.NC": {
      "count": 49,
      "mae": 0.6823447796763206,
      "rmse": 2.1228443588371753
    },
    "astro-ph.CO": {
      "count": 12,
      "mae": 1.4082473615805309,
      "rmse": 3.113267402834999
    },
    "astro-ph.EP": {
      "count": 7,
      "mae": 1.112318115574973,
      "rmse": 1.740168247685991
    },
    "physics.ed-ph": {
      "count": 1,
      "mae": 0.8455097675323486,
      "rmse": 0.898625805564874
    },
    "physics.ins-det": {
      "count": 15,
      "mae": 0.46747223536173504,
      "rmse": 0.6299973548855508
    },
    "cs.MA": {
      "count": 22,
      "mae": 1.0057634501294657,
      "rmse": 2.1205086003288525
    },
    "q-bio.MN": {
      "count": 8,
      "mae": 0.6049501299858093,
      "rmse": 0.7554785987638346
    },
    "nucl-ex": {
      "count": 1,
      "mae": 1.356205940246582,
      "rmse": 1.362522216912539
    },
    "nlin.PS": {
      "count": 2,
      "mae": 0.209295816719532,
      "rmse": 0.3181308963808466
    },
    "stat.ML": {
      "count": 193,
      "mae": 1.5501139407176427,
      "rmse": 4.963527110605659
    },
    "math.RA": {
      "count": 3,
      "mae": 1.2920907537142436,
      "rmse": 1.3419895424767005
    },
    "cs.OS": {
      "count": 1,
      "mae": 1.2196292877197266,
      "rmse": 1.2962253051629116
    },
    "nlin.CG": {
      "count": 1,
      "mae": 0.6723806858062744,
      "rmse": 0.756750392582807
    },
    "astro-ph.HE": {
      "count": 4,
      "mae": 1.6675500869750977,
      "rmse": 2.879907864699096
    },
    "cs.GR": {
      "count": 10,
      "mae": 0.3047603651881218,
      "rmse": 0.4898887064551406
    },
    "cs.PL": {
      "count": 6,
      "mae": 0.8232042292753855,
      "rmse": 1.0407564072791042
    },
    "astro-ph.IM": {
      "count": 34,
      "mae": 0.3433283532367033,
      "rmse": 0.4680097096002884
    },
    "eess.SP": {
      "count": 59,
      "mae": 1.2153196776822461,
      "rmse": 3.401262277117561
    },
    "cs.DL": {
      "count": 6,
      "mae": 0.44950969020525616,
      "rmse": 0.6425752088241347
    },
    "physics.space-ph": {
      "count": 3,
      "mae": 0.49471670389175415,
      "rmse": 0.611071357981106
    },
    "cs.DB": {
      "count": 13,
      "mae": 0.3275173077216515,
      "rmse": 0.4774543892414351
    },
    "q-fin.PR": {
      "count": 2,
      "mae": 0.5361307263374329,
      "rmse": 0.6233710634640249
    },
    "eess.SY": {
      "count": 86,
      "mae": 0.7780593184884205,
      "rmse": 1.8222758141964068
    },
    "econ.GN": {
      "count": 5,
      "mae": 0.1974121332168579,
      "rmse": 0.2422126752916284
    },
    "cs.HC": {
      "count": 434,
      "mae": 0.7214428112254164,
      "rmse": 1.9968968282223722
    },
    "physics.geo-ph": {
      "count": 12,
      "mae": 1.4431567713618279,
      "rmse": 3.7298781144503974
    },
    "cs.LO": {
      "count": 12,
      "mae": 0.6018746718764305,
      "rmse": 0.7579689211491337
    },
    "cs.AR": {
      "count": 9,
      "mae": 0.7988642520374722,
      "rmse": 1.118109574357585
    },
    "physics.class-ph": {
      "count": 3,
      "mae": 0.9362449844678243,
      "rmse": 0.9769732444806806
    },
    "q-bio.BM": {
      "count": 19,
      "mae": 1.2886818623856495,
      "rmse": 2.39522303895933
    },
    "math.AT": {
      "count": 1,
      "mae": 0.3476378917694092,
      "rmse": 0.40274582613194604
    },
    "cs.GT": {
      "count": 23,
      "mae": 0.8556999926981719,
      "rmse": 2.0860886485749925
    },
    "nlin.CD": {
      "count": 2,
      "mae": 0.24412423372268677,
      "rmse": 0.2859412781944558
    },
    "math.OC": {
      "count": 524,
      "mae": 0.6643995946372738,
      "rmse": 2.278305116348107
    },
    "hep-ex": {
      "count": 10,
      "mae": 1.2431459069252013,
      "rmse": 3.5232422230003113
    },
    "hep-ph": {
      "count": 17,
      "mae": 1.4697497434475844,
      "rmse": 3.7292376497818958
    },
    "cs.ET": {
      "count": 19,
      "mae": 1.8412532931879948,
      "rmse": 4.667050040262413
    },
    "cs.CG": {
      "count": 7,
      "mae": 0.4045089376824243,
      "rmse": 0.5346319105871413
    },
    "cond-mat.stat-mech": {
      "count": 38,
      "mae": 0.36502016374939367,
      "rmse": 0.4597662483546423
    },