horizon,spearman_correlation,p_value
1,0.6951647761438244,0.0
2,0.24086066414612428,0.0
3,-0.05524943740572892,5.078549560415174e-34
4,-0.4218461217266132,0.0
