{
  "horizon_mae": [
    1.056249594685951,
    1.0992105973267177,
    1.0872368219102344,
    1.4093781520518385
  ],
  "horizon_std": [
    3.304554718731532,
    3.3432943994602704,
    3.160710626123632,
    4.336162228263973
  ],
  "bias": [
    -0.6337831913377471,
    -0.6659348178851301,
    -0.6774057665713099,
    -0.8360419215090343
  ],
  "relative_bias": [
    -0.007295382269002434,
    -0.003576347785379481,
    0.001716676863386005,
    0.0018199792360647463
  ],
  "growth_rates": {
    "predicted": [
      0.1268699566133017,
      0.18171736803186908,
      0.33439590308891487
    ],
    "actual": [
      0.1273750984747442,
      0.1894425319140287,
      0.33819205599911856
    ]
  },
  "acceleration_rates": {
    "predicted": [
      0.054847411418567395,
      0.1526785350570458
    ],
    "actual": [
      0.0620674334392798,
      0.1487495240850921
    ]
  }
}