{
  "citation_count": {
    "Very Low Citations": {
      "count": 3714,
      "mae": 0.26399898529052734,
      "rmse": 0.36143091320991516,
      "r2": 0.9720050096511841,
      "spearman": 0.9821632264370656
    },
    "Low Citations": {
      "count": 3190,
      "mae": 0.4133492112159729,
      "rmse": 0.539448618888855,
      "r2": 0.9934097528457642,
      "spearman": 0.9967487990000674
    },
    "Medium Citations": {
      "count": 1557,
      "mae": 0.5706180334091187,
      "rmse": 0.7862144112586975,
      "r2": 0.9969991445541382,
      "spearman": 0.9986905521966006
    },
    "High Citations": {
      "count": 621,
      "mae": 2.21195912361145,
      "rmse": 3.062425374984741,
      "r2": 0.9877324104309082,
      "spearman": 0.9982315775291366
    },
    "Very High Citations": {
      "count": 592,
      "mae": 11.300487518310547,
      "rmse": 14.713539123535156,
      "r2": 0.9879124760627747,
      "spearman": 0.9983011958365903
    }
  },
  "time_index": {
    "Recent Papers": {
      "count": 0,
      "mae": null,
      "rmse": null
    },
    "Moderate Age": {
      "count": 1472,
      "mae": 0.7531774640083313,
      "rmse": 3.069319486618042,
      "r2": 0.9919960498809814,
      "spearman": 0.9929967479980282
    },
    "Older Papers": {
      "count": 8202,
      "mae": 1.2365723848342896,
      "rmse": 3.864532232284546,
      "r2": 0.9977567791938782,
      "spearman": 0.9991553010472548
    }
  },
  "reference_diversity": {
    "Low Diversity": {
      "count": 6062,
      "mae": 0.8884323239326477,
      "rmse": 3.0236947536468506,
      "r2": 0.997600257396698,
      "spearman": 0.9980282539952856
    },
    "Medium Diversity": {
      "count": 1533,
      "mae": 1.515133261680603,
      "rmse": 4.380548000335693,
      "r2": 0.9977464079856873,
      "spearman": 0.9994497988458206
    },
    "High Diversity": {
      "count": 2086,
      "mae": 1.70803964138031,
      "rmse": 4.984230041503906,
      "r2": 0.9973804354667664,
      "spearman": 0.999481716881318
    }
  }
}